{"South America":{"GDP_2012":3019.62
"POPULATION_2012":240.97}
"Oceania":{"GDP_2012":1555.26
"POPULATION_2012":22.92}
"North America":{"GDP_2012":19174.57
"POPULATION_2012":466.15999999999997}
"Asia":{"GDP_2012":21935.070000000003
"POPULATION_2012":3267.7599999999998}
"Europe":{"GDP_2012":10924.679999999998
"POPULATION_2012":267.0}
"Africa":{"GDP_2012":397.39
"POPULATION_2012":52.34}}
